ADM2_CODE,N,9,0	ADM2_NAME,C,100	STATUS,C,37	DISP_AREA,C,3	STR_YEAR,N,9,0	EXP_YEAR,N,9,0	ADM0_CODE,N,9,0	ADM0_NAME,C,100	ADM1_CODE,N,9,0	ADM1_NAME,C,100	Shape_Leng,N,19,11	Shape_Area,N,19,11	sub_d,C,254	tot_pop,N,14,6	tot_femal,N,14,6	tot_male,N,14,6	b_tot_ill,N,14,6	b_male_il,N,14,6	b_female_,N,14,6	e_tot_ill,N,14,6	e_male_il,N,14,6	e_female_,N,14,6	t_tot_ill,N,14,6	t_male_il,N,14,6	t_female_,N,14,6	p_tot_ill,N,14,6	p_male_il,N,14,6	p_female_,N,14,6	edu_aidcou,N,24,15	edu_aidsum,N,24,15	edu_aidmea,N,24,15	projid_geo,C,254	comm_p_loc,N,24,15	COUNT,N,10,0	p_totill_i,N,10,0	t_totill_i,N,10,0	p_prop_ill,N,8,5	t_prop_ill,N,8,5	Amt_p_tota,N,10,2	prop_aid,N,10,5	P_prop_dif,N,10,5	T_prop_dif,N,10,5	dots_p_ill,N,10,0	dots_t_ill,N,10,0	dots_p_100,N,10,0	dots_t_50,N,10,0	P_stdev,N,6,3	T_stdev,N,8,3
27319	Aileu vila	Member State	NO	1000	3000	242	Timor-Leste	2957	Aileu	0.94180230501	0.02576855098	Aileu vila	17638.000000	8530.000000	9108.000000	10154.000000	5087.000000	5067.000000	12491.000000	6401.000000	6090.000000	7580.000000	3751.000000	3829.000000	9083.000000	4506.000000	4577.000000	262.000000000000000	421051996.096191000000000	1607068.687390040000000	87292861561_1945078	366558.147694252000000	18	9083	7580	0.01895	0.01960	940215.06	0.00756	-0.01139	-0.01204	18	15	181	151	-0.459	-0.456
27320	Laulara	Member State	NO	1000	3000	242	Timor-Leste	2957	Aileu	0.47869737711	0.00497961899	Laulara	6132.000000	2965.000000	3167.000000	3739.000000	1835.000000	1904.000000	4933.000000	2512.000000	2421.000000	2744.000000	1289.000000	1455.000000	3206.000000	1540.000000	1666.000000	48.000000000000000	105697133.500000000000000	2202023.614583330000000	87292441820_8628951	195776.769159364000000	9	3206	2744	0.00669	0.00709	769433.68	0.00619	-0.00050	-0.00090	6	5	64	54	-0.020	-0.034
27321	Liquidoe	Member State	NO	1000	3000	242	Timor-Leste	2957	Aileu	0.68538192104	0.01240302385	Liquidoe	5424.000000	2600.000000	2824.000000	3082.000000	1544.000000	1538.000000	4014.000000	2067.000000	1947.000000	2440.000000	1219.000000	1221.000000	2954.000000	1494.000000	1460.000000	124.000000000000000	106491452.574219000000000	858802.036888861000000	87292441820_1943090	195776.769159364000000	9	2954	2440	0.00616	0.00631	769433.68	0.00619	0.00003	-0.00012	5	4	59	48	0.001	-0.005
27322	Remexio	Member State	NO	1000	3000	242	Timor-Leste	2957	Aileu	0.70513933044	0.01734980859	Remexio	8580.000000	4180.000000	4400.000000	5220.000000	2576.000000	2644.000000	6740.000000	3391.000000	3349.000000	4384.000000	2174.000000	2210.000000	5042.000000	2503.000000	2539.000000	172.000000000000000	207423285.226562000000000	1205949.332712570000000	87292441820_8629000	246969.874442207000000	13	5042	4384	0.01052	0.01133	820626.78	0.00660	-0.00392	-0.00473	10	8	100	87	-0.158	-0.179
27323	Ainaro	Member State	NO	1000	3000	242	Timor-Leste	2958	Ainaro	0.72192696911	0.01932222037	Ainaro	12317.000000	6037.000000	6280.000000	6285.000000	3087.000000	3198.000000	8416.000000	4185.000000	4231.000000	5199.000000	2512.000000	2687.000000	6230.000000	3073.000000	3157.000000	189.000000000000000	51788707.269531300000000	274014.324177414000000	87292861561_8629984	149104.767242581000000	3	6230	5199	0.01300	0.01344	722761.68	0.00581	-0.00719	-0.00763	12	10	124	103	-0.290	-0.289
27325	Hatu-Builico	Member State	NO	1000	3000	242	Timor-Leste	2958	Ainaro	0.50598965018	0.01063365353	Hatu-Builico	9647.000000	4845.000000	4802.000000	6466.000000	3050.000000	3416.000000	8022.000000	3897.000000	4125.000000	5756.000000	2678.000000	3078.000000	6481.000000	3072.000000	3409.000000	109.000000000000000	1942228.847656250000000	17818.613281250000000	87292861561_1944891	149104.767242581000000	3	6481	5756	0.01352	0.01488	722761.68	0.00581	-0.00771	-0.00907	12	11	129	115	-0.311	-0.344
27324	Hatu-Udo	Member State	NO	1000	3000	242	Timor-Leste	2958	Ainaro	0.76470340853	0.01990577551	Hatu-Udo	8236.000000	4056.000000	4180.000000	4820.000000	2386.000000	2434.000000	5845.000000	2935.000000	2910.000000	4058.000000	1968.000000	2090.000000	4644.000000	2285.000000	2359.000000	199.000000000000000	1666062.667968750000000	8372.174210898240000	87292463792_8617905	128777.076920000000000	2	4644	4058	0.00969	0.01049	702433.99	0.00565	-0.00404	-0.00484	9	8	92	81	-0.163	-0.183
27326	Maubisse	Member State	NO	1000	3000	242	Timor-Leste	2958	Ainaro	0.88826083820	0.01616908947	Maubisse	18408.000000	9065.000000	9343.000000	12828.000000	6332.000000	6496.000000	15166.000000	7592.000000	7574.000000	11428.000000	5606.000000	5822.000000	12281.000000	6044.000000	6237.000000	157.000000000000000	99238732.808593800000000	632093.839545183000000	87292861561_1944798	169432.457565161000000	4	12281	11428	0.02562	0.02954	743089.37	0.00597	-0.01965	-0.02357	24	22	245	228	-0.792	-0.894
27327	Baguia	Member State	NO	1000	3000	242	Timor-Leste	2959	Baucau	0.80809848801	0.01685993229	Baguia	8072.000000	4134.000000	3938.000000	4579.000000	2115.000000	2464.000000	6191.000000	2963.000000	3228.000000	3765.000000	1676.000000	2089.000000	4299.000000	1924.000000	2375.000000	168.000000000000000	219606423.628906000000000	1307181.093029200000000	87292441820_1946152	1089811.365776840000000	13	4299	3765	0.00897	0.00973	1663468.28	0.01337	0.00440	0.00364	8	7	85	75	0.177	0.138
27330	Laga	Member State	NO	1000	3000	242	Timor-Leste	2959	Baucau	0.72439271704	0.01629325943	Laga	12321.000000	6190.000000	6131.000000	7893.000000	3790.000000	4103.000000	10025.000000	4937.000000	5088.000000	6485.000000	3062.000000	3423.000000	7585.000000	3644.000000	3941.000000	165.000000000000000	58359332.865234400000000	353692.926455966000000	87292441820_1946056	1039366.019446780000000	12	7585	6485	0.01582	0.01676	1613022.93	0.01297	-0.00285	-0.00379	15	12	151	129	-0.115	-0.144
27331	Quelicai	Member State	NO	1000	3000	242	Timor-Leste	2959	Baucau	0.59792392308	0.01688753471	Quelicai	14400.000000	7359.000000	7041.000000	8767.000000	3991.000000	4776.000000	11266.000000	5309.000000	5957.000000	7325.000000	3273.000000	4052.000000	8311.000000	3755.000000	4556.000000	165.000000000000000	159130387.203125000000000	964426.589109848000000	87292441820_1942885	1085290.262410790000000	15	8311	7325	0.01734	0.01894	1658947.17	0.01334	-0.00400	-0.00560	16	14	166	146	-0.161	-0.212
27332	Vemase	Member State	NO	1000	3000	242	Timor-Leste	2959	Baucau	0.94994988635	0.03064206199	Vemase	7692.000000	3764.000000	3928.000000	4493.000000	2207.000000	2286.000000	6501.000000	3271.000000	3230.000000	3862.000000	1891.000000	1971.000000	4995.000000	2467.000000	2528.000000	305.000000000000000	56882379.683593800000000	186499.605519979000000	87292441820_1942343	1034097.157127940000000	11	4995	3862	0.01042	0.00998	1607754.07	0.01293	0.00251	0.00295	9	7	99	77	0.101	0.112
27333	Venilale	Member State	NO	1000	3000	242	Timor-Leste	2959	Baucau	0.69654679045	0.01238260889	Venilale	13247.000000	6593.000000	6654.000000	7605.000000	3683.000000	3922.000000	9525.000000	4727.000000	4798.000000	5729.000000	2697.000000	3032.000000	6854.000000	3289.000000	3565.000000	127.000000000000000	118064579.050781000000000	929642.354730561000000	87292411775_8629288	1116551.932812840000000	11	6854	5729	0.01430	0.01481	1690208.84	0.01359	-0.00071	-0.00122	13	11	137	114	-0.029	-0.046
27334	Atabae	Member State	NO	1000	3000	242	Timor-Leste	2960	Bobonaro	0.76790400851	0.02069079019	Atabae	9135.000000	4497.000000	4638.000000	6082.000000	2978.000000	3104.000000	7695.000000	3823.000000	3872.000000	4933.000000	2391.000000	2542.000000	6036.000000	2948.000000	3088.000000	208.000000000000000	117080121.057617000000000	562885.197392390000000	87292441820_1943878	402609.204944795000000	12	6036	4933	0.01259	0.01275	976266.11	0.00785	-0.00474	-0.00490	12	9	120	98	-0.191	-0.186
27335	Balibo	Member State	NO	1000	3000	242	Timor-Leste	2960	Bobonaro	0.75906045406	0.02432419344	Balibo	12491.000000	6169.000000	6322.000000	8618.000000	4155.000000	4463.000000	11236.000000	5598.000000	5638.000000	7278.000000	3441.000000	3837.000000	9363.000000	4575.000000	4788.000000	245.000000000000000	116218510.741211000000000	474361.268331473000000	87292191274_1649734	445619.461281054000000	12	9363	7278	0.01953	0.01881	1019276.37	0.00819	-0.01134	-0.01062	18	14	187	145	-0.457	-0.403
27336	Bobonaro	Member State	NO	1000	3000	242	Timor-Leste	2960	Bobonaro	0.79792301380	0.01778151824	Bobonaro	20177.000000	10458.000000	9719.000000	14722.000000	6806.000000	7916.000000	17371.000000	8188.000000	9183.000000	12717.000000	5799.000000	6918.000000	13950.000000	6410.000000	7540.000000	176.000000000000000	557117400.664063000000000	3165439.776500350000000	87292191274_1945255	1090792.924168360000000	38	13950	12717	0.02910	0.03288	1664449.83	0.01338	-0.01572	-0.01950	27	25	279	254	-0.633	-0.739
27337	Cailaco	Member State	NO	1000	3000	242	Timor-Leste	2960	Bobonaro	0.67511120750	0.01679545923	Cailaco	8448.000000	4301.000000	4147.000000	6053.000000	2881.000000	3172.000000	7155.000000	3507.000000	3648.000000	5384.000000	2523.000000	2861.000000	5905.000000	2810.000000	3095.000000	164.000000000000000	153229203.605469000000000	934324.412228468000000	87292191274_1944879	257145.888100184000000	10	5905	5384	0.01232	0.01392	830802.80	0.00668	-0.00564	-0.00724	11	10	118	107	-0.227	-0.274
27338	Lolotoe	Member State	NO	1000	3000	242	Timor-Leste	2960	Bobonaro	0.65444416291	0.01386958646	Lolotoe	6115.000000	3184.000000	2931.000000	3225.000000	1500.000000	1725.000000	4995.000000	2386.000000	2609.000000	2477.000000	1096.000000	1381.000000	3148.000000	1435.000000	1713.000000	138.000000000000000	229370030.539062000000000	1662101.670572920000000	87292191274_1945577	467034.042868103000000	16	3148	2477	0.00657	0.00640	1040690.95	0.00837	0.00180	0.00197	6	4	62	49	0.073	0.075
27339	Maliana	Member State	NO	1000	3000	242	Timor-Leste	2960	Bobonaro	0.74410459879	0.01959871776	Maliana	21227.000000	10622.000000	10605.000000	10477.000000	4931.000000	5546.000000	13992.000000	6778.000000	7214.000000	8889.000000	4088.000000	4801.000000	10744.000000	5080.000000	5664.000000	196.000000000000000	386062602.009766000000000	1969707.153111050000000	87292191274_1943912	2422941.828946670000000	26	10744	8889	0.02241	0.02298	2996598.74	0.02409	0.00168	0.00111	21	17	214	177	0.068	0.042
27340	Fatululic	Member State	NO	1000	3000	242	Timor-Leste	2961	Covalima	0.29784823218	0.00374572992	Fatululic	1632.000000	846.000000	786.000000	967.000000	461.000000	506.000000	1411.000000	671.000000	740.000000	784.000000	367.000000	417.000000	1043.000000	483.000000	560.000000	36.000000000000000	754167.023437500000000	20949.083984375000000	87292463792_1944042	73586.901097142900000	2	1043	784	0.00218	0.00203	647243.81	0.00520	0.00302	0.00317	2	1	20	15	0.122	0.120
27341	Fatumean	Member State	NO	1000	3000	242	Timor-Leste	2961	Covalima	0.51045006321	0.01086518158	Fatumean	2847.000000	1414.000000	1433.000000	1594.000000	750.000000	844.000000	2557.000000	1258.000000	1299.000000	1477.000000	700.000000	777.000000	1673.000000	790.000000	883.000000	110.000000000000000	1125284.015625000000000	10229.854687500000000	87292463792_8628962	73586.901097142900000	2	1673	1477	0.00349	0.00382	647243.81	0.00520	0.00171	0.00138	3	2	33	29	0.069	0.052
27342	Forohem	Member State	NO	1000	3000	242	Timor-Leste	2961	Covalima	0.47975350508	0.01088235302	Forohem	3588.000000	1835.000000	1753.000000	2022.000000	960.000000	1062.000000	2904.000000	1392.000000	1512.000000	1903.000000	883.000000	1020.000000	2154.000000	1019.000000	1135.000000	106.000000000000000	2153607.719238280000000	20317.053955078100000	87292463792_8630092	73586.901097142900000	2	2154	1903	0.00449	0.00492	647243.81	0.00520	0.00071	0.00028	4	3	43	38	0.029	0.011
27344	Maukatar	Member State	NO	1000	3000	242	Timor-Leste	2961	Covalima	0.68449742086	0.00938766780	Maukatar	5491.000000	2751.000000	2740.000000	3161.000000	1502.000000	1659.000000	4425.000000	2182.000000	2243.000000	2646.000000	1236.000000	1410.000000	3103.000000	1480.000000	1623.000000	99.000000000000000	51833432.216796900000000	523570.022391888000000	87292481496_8629093	131654.656199184000000	6	3103	2646	0.00647	0.00684	705311.57	0.00567	-0.00080	-0.00117	6	5	62	52	-0.032	-0.044
27346	Tilomar	Member State	NO	1000	3000	242	Timor-Leste	2961	Covalima	0.64190619671	0.01595533265	Tilomar	5998.000000	2986.000000	3012.000000	3251.000000	1565.000000	1686.000000	4896.000000	2429.000000	2467.000000	2711.000000	1298.000000	1413.000000	3573.000000	1731.000000	1842.000000	162.000000000000000	50973062.191894500000000	314648.532048732000000	87292481496_8629052	151982.346521764000000	7	3573	2711	0.00745	0.00701	725639.26	0.00583	-0.00162	-0.00118	7	5	71	54	-0.065	-0.045
47091	Atauro	Member State	NO	1000	3000	242	Timor-Leste	2962	Dili	0.53152963493	0.01148099500	Atauro	7450.000000	3842.000000	3608.000000	3772.000000	1645.000000	2127.000000	5896.000000	2743.000000	3153.000000	3060.000000	1289.000000	1771.000000	3994.000000	1741.000000	2253.000000	117.000000000000000	60583185.562500000000000	517805.004807692000000	87292441820_8629070	1349030.448480800000000	15	3994	3060	0.00833	0.00791	1922687.36	0.01546	0.00713	0.00755	7	6	79	61	0.287	0.286
27349	Metinaro	Member State	NO	1000	3000	242	Timor-Leste	2962	Dili	0.63437199073	0.00746189128	Metinaro	4039.000000	1922.000000	2117.000000	2316.000000	1145.000000	1171.000000	3185.000000	1644.000000	1541.000000	1458.000000	718.000000	740.000000	2420.000000	1229.000000	1191.000000	77.000000000000000	6799870.421875000000000	88310.005478896100000	87292441820_1942604	1312896.171201700000000	11	2420	1458	0.00505	0.00377	1886553.08	0.01517	0.01012	0.01140	4	2	48	29	0.408	0.432
27352	Atsabe	Member State	NO	1000	3000	242	Timor-Leste	2963	Ermera	0.66129220241	0.01374639280	Atsabe	14625.000000	7465.000000	7160.000000	11579.000000	5424.000000	6155.000000	12702.000000	6084.000000	6618.000000	10818.000000	5032.000000	5786.000000	11549.000000	5428.000000	6121.000000	141.000000000000000	415109814.777344000000000	2944041.239555630000000	87292191274_8643544	1586221.779868990000000	37	11549	10818	0.02409	0.02797	2159878.69	0.01737	-0.00672	-0.01060	23	21	230	216	-0.271	-0.402
27353	Ermera	Member State	NO	1000	3000	242	Timor-Leste	2963	Ermera	0.49222975029	0.00766604447	Ermera	28422.000000	14021.000000	14401.000000	16710.000000	7884.000000	8826.000000	21484.000000	10492.000000	10992.000000	14561.000000	6744.000000	7817.000000	16747.000000	7930.000000	8817.000000	77.000000000000000	657486818.964844000000000	8538789.856686280000000	87292191274_1944654	2555355.570532820000000	42	16747	14561	0.03494	0.03764	3129012.48	0.02516	-0.00978	-0.01248	33	29	334	291	-0.394	-0.473
27354	Hatolia	Member State	NO	1000	3000	242	Timor-Leste	2963	Ermera	0.74687255664	0.02245871889	Hatolia	29157.000000	14533.000000	14624.000000	21867.000000	10452.000000	11415.000000	26015.000000	12814.000000	13201.000000	19644.000000	9194.000000	10450.000000	21294.000000	10150.000000	11144.000000	222.000000000000000	531312541.070313000000000	2393299.734550960000000	87292191274_8644028	834384.376494816000000	32	21294	19644	0.04442	0.05078	1408041.29	0.01132	-0.03310	-0.03946	42	39	425	392	-1.333	-1.496
27355	Letefoho	Member State	NO	1000	3000	242	Timor-Leste	2963	Ermera	0.55121703121	0.01056630891	Letefoho	17976.000000	8866.000000	9110.000000	12958.000000	6261.000000	6697.000000	15239.000000	7560.000000	7679.000000	11467.000000	5475.000000	5992.000000	12428.000000	6005.000000	6423.000000	105.000000000000000	447029787.843750000000000	4257426.550892860000000	87292191274_1944581	1578048.597776840000000	33	12428	11467	0.02593	0.02964	2151705.51	0.01730	-0.00863	-0.01234	24	22	248	229	-0.348	-0.468
27356	Railaco	Member State	NO	1000	3000	242	Timor-Leste	2963	Ermera	0.49738962129	0.00865069814	Railaco	8703.000000	4226.000000	4477.000000	5423.000000	2672.000000	2751.000000	6776.000000	3425.000000	3351.000000	3994.000000	1940.000000	2054.000000	5319.000000	2636.000000	2683.000000	89.000000000000000	332934690.828125000000000	3740839.222787920000000	87292861561_8630003	395147.289275908000000	17	5319	3994	0.01110	0.01033	968804.20	0.00779	-0.00331	-0.00254	10	7	106	79	-0.133	-0.096
27357	Iliomar	Member State	NO	1000	3000	242	Timor-Leste	2964	Lautem	0.82073619624	0.02472169717	Iliomar	5981.000000	3152.000000	2829.000000	3965.000000	1728.000000	2237.000000	5272.000000	2424.000000	2848.000000	3539.000000	1531.000000	2008.000000	4061.000000	1811.000000	2250.000000	247.000000000000000	53551703.694335900000000	216808.516981117000000	87292401681_8629861	430461.505258580000000	10	4061	3539	0.00847	0.00915	1004118.42	0.00807	-0.00040	-0.00108	8	7	81	70	-0.016	-0.041
27358	Lautem	Member State	NO	1000	3000	242	Timor-Leste	2964	Lautem	1.30058258613	0.03665966154	Lautem	11995.000000	6086.000000	5909.000000	6099.000000	2716.000000	3383.000000	9297.000000	4437.000000	4860.000000	5364.000000	2312.000000	3052.000000	6413.000000	2837.000000	3576.000000	360.000000000000000	100514428.787109000000000	279206.746630859000000	87292861561_1945474	1652637.684464020000000	15	6413	5364	0.01338	0.01387	2226294.59	0.01790	0.00452	0.00403	12	10	128	107	0.182	0.153
27359	Lospalos	Member State	NO	1000	3000	242	Timor-Leste	2964	Lautem	1.06895800161	0.05102707873	Lospalos	25125.000000	12822.000000	12303.000000	10823.000000	4835.000000	5988.000000	17590.000000	8318.000000	9272.000000	8476.000000	3528.000000	4948.000000	11715.000000	5141.000000	6574.000000	515.000000000000000	101644217.861328000000000	197367.413322967000000	87292861561_1945431	345010.375581161000000	5	11715	8476	0.02444	0.02191	918667.29	0.00739	-0.01705	-0.01452	23	16	234	169	-0.687	-0.550
27360	Luro	Member State	NO	1000	3000	242	Timor-Leste	2964	Lautem	0.53874739352	0.01049121498	Luro	4534.000000	2291.000000	2243.000000	3191.000000	1504.000000	1687.000000	3940.000000	1908.000000	2032.000000	2773.000000	1289.000000	1484.000000	2993.000000	1395.000000	1598.000000	106.000000000000000	2019629.366210940000000	19053.107228405100000	87292463792_8629267	304354.994936000000000	3	2993	2773	0.00624	0.00717	878011.90	0.00706	0.00082	-0.00011	5	5	59	55	0.033	-0.004
27361	Tutuala	Member State	NO	1000	3000	242	Timor-Leste	2964	Lautem	0.86756856539	0.02537538223	Tutuala	3269.000000	1701.000000	1568.000000	1405.000000	609.000000	796.000000	2235.000000	1022.000000	1213.000000	1115.000000	449.000000	666.000000	1299.000000	528.000000	771.000000	255.000000000000000	2054783.898925780000000	8057.976074218750000	87292463792_8618007	304354.994936000000000	3	1299	1115	0.00271	0.00288	878011.90	0.00706	0.00435	0.00418	2	2	25	22	0.175	0.158
27362	Bazartete	Member State	NO	1000	3000	242	Timor-Leste	2965	Liquica	0.73236784880	0.01534008909	Bazartete	20331.000000	9956.000000	10375.000000	11400.000000	5435.000000	5965.000000	15504.000000	7755.000000	7749.000000	9064.000000	4218.000000	4846.000000	11015.000000	5236.000000	5779.000000	151.000000000000000	308670463.675781000000000	2044175.256131000000000	87292441820_8617925	5427197.609435780000000	35	11015	9064	0.02298	0.02343	6000854.52	0.04825	0.02527	0.02482	22	18	220	181	1.018	0.941
27363	Liquica	Member State	NO	1000	3000	242	Timor-Leste	2965	Liquica	0.58681493762	0.00806505642	Liquica	17839.000000	8787.000000	9052.000000	10143.000000	4809.000000	5334.000000	13637.000000	6763.000000	6874.000000	8449.000000	3929.000000	4520.000000	9818.000000	4638.000000	5180.000000	79.000000000000000	85315587.324218800000000	1079944.143344540000000	87292441820_1943456	259988.597502367000000	10	9818	8449	0.02048	0.02184	833645.51	0.00670	-0.01378	-0.01514	19	16	196	168	-0.555	-0.574
27364	Maubara	Member State	NO	1000	3000	242	Timor-Leste	2965	Liquica	0.64421206756	0.02166794054	Maubara	15681.000000	7726.000000	7955.000000	11591.000000	5551.000000	6040.000000	14062.000000	6984.000000	7078.000000	9870.000000	4646.000000	5224.000000	11413.000000	5476.000000	5937.000000	218.000000000000000	47674849.730468800000000	218691.971240682000000	87292481496_8629099	409914.982420514000000	19	11413	9870	0.02381	0.02552	983571.89	0.00791	-0.01590	-0.01761	22	19	228	197	-0.641	-0.668
27365	Barique/Natarbora	Member State	NO	1000	3000	242	Timor-Leste	2966	Manatuto	1.21493421752	0.03253259553	Barique/Natarbora	4214.000000	1969.000000	2245.000000	1878.000000	880.000000	998.000000	2763.000000	1380.000000	1383.000000	1416.000000	660.000000	756.000000	1874.000000	874.000000	1000.000000	325.000000000000000	142227364.285156000000000	437622.659338942000000	87292441820_8629251	385536.082472319000000	13	1874	1416	0.00391	0.00366	959192.99	0.00771	0.00380	0.00405	3	2	37	28	0.153	0.154
27366	Laclo	Member State	NO	1000	3000	242	Timor-Leste	2966	Manatuto	1.09562656891	0.03016070768	Laclo	6356.000000	3129.000000	3227.000000	4586.000000	2269.000000	2317.000000	5857.000000	2951.000000	2906.000000	3801.000000	1868.000000	1933.000000	4629.000000	2287.000000	2342.000000	303.000000000000000	188454735.341797000000000	621962.822910221000000	87292191274_1944972	482418.796718345000000	16	4629	3801	0.00966	0.00983	1056075.71	0.00849	-0.00117	-0.00134	9	7	92	76	-0.047	-0.051
27367	Laclubar	Member State	NO	1000	3000	242	Timor-Leste	2966	Manatuto	1.19370725323	0.03207753656	Laclubar	9911.000000	5010.000000	4901.000000	7067.000000	3354.000000	3713.000000	8197.000000	3973.000000	4224.000000	6271.000000	2923.000000	3348.000000	6777.000000	3188.000000	3589.000000	320.000000000000000	318461593.476562000000000	995192.479614258000000	87292861561_1946492	593000.329085223000000	20	6777	6271	0.01414	0.01621	1166657.24	0.00938	-0.00476	-0.00683	13	12	135	125	-0.192	-0.259
27368	Laleia	Member State	NO	1000	3000	242	Timor-Leste	2966	Manatuto	0.68501889618	0.01849359260	Laleia	2713.000000	1334.000000	1379.000000	1481.000000	745.000000	736.000000	2128.000000	1081.000000	1047.000000	1090.000000	548.000000	542.000000	1496.000000	754.000000	742.000000	186.000000000000000	117528067.452148000000000	631871.330387895000000	87292441820_1943481	265434.684268311000000	9	1496	1090	0.00312	0.00282	839091.59	0.00675	0.00363	0.00393	2	2	29	21	0.146	0.149
27369	Manatuto	Member State	NO	1000	3000	242	Timor-Leste	2966	Manatuto	0.91825273281	0.02219878230	Manatuto	9895.000000	4823.000000	5072.000000	4765.000000	2290.000000	2475.000000	6870.000000	3440.000000	3430.000000	3584.000000	1736.000000	1848.000000	5172.000000	2555.000000	2617.000000	220.000000000000000	168081712.822266000000000	764007.785555753000000	87292861561_1943314	216854.081669726000000	10	5172	3584	0.01079	0.00927	790510.99	0.00636	-0.00443	-0.00291	10	7	103	71	-0.178	-0.110
27370	Soibada	Member State	NO	1000	3000	242	Timor-Leste	2966	Manatuto	0.60558951332	0.01066860764	Soibada	2576.000000	1290.000000	1286.000000	1275.000000	639.000000	636.000000	1829.000000	905.000000	924.000000	900.000000	445.000000	455.000000	1161.000000	566.000000	595.000000	108.000000000000000	83971405.906250000000000	777513.017650463000000	87292861561_8630065	221888.309987748000000	7	1161	900	0.00242	0.00233	795545.22	0.00640	0.00398	0.00407	2	1	23	18	0.160	0.154
27371	Alas	Member State	NO	1000	3000	242	Timor-Leste	2967	Manufahi	0.99957201557	0.03332920870	Alas	6029.000000	2936.000000	3093.000000	3325.000000	1654.000000	1671.000000	4592.000000	2335.000000	2257.000000	2600.000000	1292.000000	1308.000000	3234.000000	1611.000000	1623.000000	343.000000000000000	102007100.097656000000000	297396.793287628000000	87292861561_8630069	169432.457565161000000	4	3234	2600	0.00675	0.00672	743089.37	0.00597	-0.00078	-0.00075	6	5	64	52	-0.031	-0.028
27372	Fatuberliu	Member State	NO	1000	3000	242	Timor-Leste	2967	Manufahi	1.28128938262	0.03077977976	Fatuberliu	6014.000000	2896.000000	3118.000000	2888.000000	1437.000000	1451.000000	4268.000000	2201.000000	2067.000000	2107.000000	1040.000000	1067.000000	2826.000000	1416.000000	1410.000000	305.000000000000000	56149900.818359400000000	184098.035470031000000	87292401684_1945218	237335.547242581000000	4	2826	2107	0.00590	0.00545	810992.46	0.00652	0.00062	0.00107	5	4	56	42	0.025	0.041
27373	Same	Member State	NO	1000	3000	242	Timor-Leste	2967	Manufahi	1.11310403506	0.02909506775	Same	23565.000000	11490.000000	12075.000000	12419.000000	6039.000000	6380.000000	17101.000000	8571.000000	8530.000000	10265.000000	4915.000000	5350.000000	12842.000000	6278.000000	6564.000000	289.000000000000000	246021435.578125000000000	851285.244214965000000	87292861561_8630067	230415.528532903000000	7	12842	10265	0.02679	0.02654	804072.44	0.00646	-0.02033	-0.02008	25	20	256	205	-0.819	-0.761
27374	Turiscai	Member State	NO	1000	3000	242	Timor-Leste	2967	Manufahi	0.68608182259	0.01542370988	Turiscai	5991.000000	2824.000000	3167.000000	3243.000000	1709.000000	1534.000000	4439.000000	2337.000000	2102.000000	3006.000000	1565.000000	1441.000000	3252.000000	1706.000000	1546.000000	154.000000000000000	49911578.779296900000000	324101.160904525000000	87292861561_8630070	149104.767242581000000	3	3252	3006	0.00678	0.00777	722761.68	0.00581	-0.00097	-0.00196	6	6	65	60	-0.039	-0.074
27375	Nitibe	Member State	NO	1000	3000	242	Timor-Leste	2968	Oecussi	1.04713290828	0.02473071461	Nitibe	9433.000000	4796.000000	4637.000000	7234.000000	3457.000000	3777.000000	8642.000000	4194.000000	4448.000000	6987.000000	3351.000000	3636.000000	7370.000000	3556.000000	3814.000000	246.000000000000000	154091152.492188000000000	626386.798748730000000	87292861561_1639958	5813137.838210320000000	8	7370	6987	0.01538	0.01806	6386794.75	0.05135	0.03597	0.03329	14	13	147	139	1.449	1.262
27376	Oesilo	Member State	NO	1000	3000	242	Timor-Leste	2968	Oecussi	0.49292674712	0.00798163104	Oesilo	8200.000000	4223.000000	3977.000000	5926.000000	2827.000000	3099.000000	7022.000000	3358.000000	3664.000000	5626.000000	2683.000000	2943.000000	5939.000000	2838.000000	3101.000000	79.000000000000000	49582142.703125000000000	627622.059533228000000	87292993363_1944245	391631.930829248000000	6	5939	5626	0.01239	0.01454	965288.84	0.00776	-0.00463	-0.00678	11	11	118	112	-0.187	-0.257
27379	Passabe	Member State	NO	1000	3000	242	Timor-Leste	2968	Oecussi	0.32564786212	0.00498843643	Passabe	6207.000000	3265.000000	2942.000000	5002.000000	2303.000000	2699.000000	5733.000000	2676.000000	3057.000000	4891.000000	2250.000000	2641.000000	5032.000000	2322.000000	2710.000000	50.000000000000000	460654.296875000000000	9213.085937500000000		0.000000000000000	0	5032	4891	0.01050	0.01264	0.00	0.00000	0.00000	0.00000	10	9	100	97	0.000	0.000
27380	Lacluta	Member State	NO	1000	3000	242	Timor-Leste	2969	Viqueque	0.96792649409	0.03408982923	Lacluta	5011.000000	2481.000000	2530.000000	3267.000000	1499.000000	1768.000000	4130.000000	2014.000000	2116.000000	2814.000000	1273.000000	1541.000000	3297.000000	1530.000000	1767.000000	339.000000000000000	25265548.750000000000000	74529.642330383500000	87292191274_8643580	161510.332997722000000	5	3297	2814	0.00688	0.00727	735167.24	0.00591	-0.00097	-0.00136	6	5	65	56	-0.039	-0.052
27381	Ossu	Member State	NO	1000	3000	242	Timor-Leste	2969	Viqueque	1.19450914740	0.03495437450	Ossu	12885.000000	6628.000000	6257.000000	8169.000000	3766.000000	4403.000000	10053.000000	4747.000000	5306.000000	6622.000000	2985.000000	3637.000000	7684.000000	3479.000000	4205.000000	349.000000000000000	558839291.621094000000000	1601258.715246690000000	87292861561_1943202	726152.216299673000000	22	7684	6622	0.01603	0.01712	1299809.13	0.01045	-0.00558	-0.00667	15	13	153	132	-0.225	-0.253
27382	Uatucarbau	Member State	NO	1000	3000	242	Timor-Leste	2969	Viqueque	0.48096123824	0.01077231449	Uatucarbau	6120.000000	3151.000000	2969.000000	3217.000000	1476.000000	1741.000000	4508.000000	2139.000000	2369.000000	2611.000000	1196.000000	1415.000000	3349.000000	1538.000000	1811.000000	107.000000000000000	212592786.468750000000000	1986848.471670560000000	87292861561_1943320	413880.963774077000000	13	3349	2611	0.00699	0.00675	987537.87	0.00794	0.00095	0.00119	6	5	66	52	0.038	0.045
27384	Viqueque	Member State	NO	1000	3000	242	Timor-Leste	2969	Viqueque	1.46110358468	0.05000873605	Viqueque	20669.000000	10254.000000	10415.000000	10949.000000	5112.000000	5837.000000	15405.000000	7494.000000	7911.000000	8993.000000	4132.000000	4861.000000	11731.000000	5518.000000	6213.000000	502.000000000000000	453620872.878906000000000	903627.236810570000000	87292191274_8643609	666251.594550431000000	21	11731	8993	0.02447	0.02325	1239908.50	0.00997	-0.01450	-0.01328	23	17	234	179	-0.584	-0.503
27383	Watulari	Member State	NO	1000	3000	242	Timor-Leste	2969	Viqueque	0.76836130392	0.02406944801	Watulari	14410.000000	7305.000000	7105.000000	7823.000000	3560.000000	4263.000000	10890.000000	5200.000000	5690.000000	6668.000000	2975.000000	3693.000000	8123.000000	3699.000000	4424.000000	245.000000000000000	330526986.273437000000000	1349089.739891580000000	87292191274_1943272	566991.011620967000000	17	8123	6668	0.01695	0.01724	1140647.92	0.00917	-0.00778	-0.00807	16	13	162	133	-0.313	-0.306
82645	Baucau	Member State	NO	2004	3000	242	Timor-Leste	2959	Baucau	0.80436693678	0.03027017751	Baucau	38915.000000	19231.000000	19684.000000	14645.000000	6985.000000	7660.000000	21956.000000	10854.000000	11102.000000	11375.000000	5377.000000	5998.000000	15767.000000	7520.000000	8247.000000	302.000000000000000	365560588.958984000000000	1210465.526354250000000	87292861561_1942488	1208751.922251830000000	27	15767	11375	0.03289	0.02941	1782408.83	0.01433	-0.01856	-0.01508	31	22	315	227	-0.748	-0.572
82646	Suai	Member State	NO	2004	3000	242	Timor-Leste	2961	Covalima	1.22117002143	0.02479692362	Suai	21752.000000	10706.000000	11046.000000	10067.000000	4835.000000	5232.000000	15000.000000	7392.000000	7608.000000	8414.000000	3971.000000	4443.000000	10630.000000	5126.000000	5504.000000	244.000000000000000	69934330.330078100000000	286616.107910156000000	87292481496_1945596	192637.727166926000000	9	10630	8414	0.02218	0.02175	766294.64	0.00616	-0.01602	-0.01559	21	16	212	168	-0.645	-0.591
82647	Zumalai	Member State	NO	2004	3000	242	Timor-Leste	2961	Covalima	0.82044775765	0.02324335973	Zumalai	10013.000000	5027.000000	4986.000000	6257.000000	2995.000000	3262.000000	8425.000000	4147.000000	4278.000000	2520.000000	2520.000000	0.000000	3131.000000	3131.000000	0.000000	237.000000000000000	5475118.951660160000000	23101.767728523900000	87292481496_1945272	102620.778648163000000	4	3131	2520	0.00653	0.00651	676277.69	0.00544	-0.00109	-0.00107	6	5	62	50	-0.044	-0.041
82648	Cristo Rei	Member State	NO	2004	3000	242	Timor-Leste	2962	Dili	0.49847901638	0.00534312911	Cristo Rei	46090.000000	21917.000000	24173.000000	13201.000000	6477.000000	6724.000000	22276.000000	11235.000000	11041.000000	9903.000000	4811.000000	5092.000000	15748.000000	7781.000000	7967.000000	54.000000000000000	114457417.515625000000000	2119581.805844910000000	87292441820_1942674	12688772.519126000000000	19	15748	9903	0.03285	0.02560	13262429.40	0.10663	0.07378	0.08103	31	19	314	198	2.972	3.072
82649	Dom Aleixo	Member State	NO	2004	3000	242	Timor-Leste	2962	Dili	0.27345996193	0.00270924620	Dom Aleixo	89658.000000	41179.000000	48479.000000	20152.000000	10133.000000	10019.000000	41826.000000	21623.000000	20203.000000	15315.000000	7645.000000	7670.000000	29132.000000	14965.000000	14167.000000	29.000000000000000	101062261.085938000000000	3484905.554687500000000	87292861561_1942425	6407511.672828630000000	16	29132	15315	0.06078	0.03959	6981168.58	0.05613	-0.00465	0.01654	58	30	582	306	-0.187	0.627
82650	Nein Feto	Member State	NO	2004	3000	242	Timor-Leste	2962	Dili	0.16026298867	0.00042150170	Nein Feto	22494.000000	10823.000000	11671.000000	5304.000000	2523.000000	2781.000000	10685.000000	5301.000000	5384.000000	3557.000000	1720.000000	1837.000000	6963.000000	3444.000000	3519.000000	5.000000000000000	281503.261718750000000	56300.652343750000000	87292455339_1942447	1343857.128882860000000	11	6963	3557	0.01453	0.00920	1917514.04	0.01542	0.00089	0.00622	13	7	139	71	0.036	0.236
82651	Vera Cruz	Member State	NO	2004	3000	242	Timor-Leste	2962	Dili	0.32322067500	0.00268072357	Vera Cruz	28883.000000	13770.000000	15113.000000	6688.000000	3221.000000	3467.000000	13959.000000	6971.000000	6988.000000	4523.000000	2187.000000	2336.000000	9577.000000	4826.000000	4751.000000	26.000000000000000	4480608.117187500000000	172331.081430288000000	87292404350_1943194	22344115.301201700000000	18	9577	4523	0.01998	0.01169	22917772.20	0.18426	0.16428	0.17257	19	9	191	90	6.618	6.542
82652	Pante Macasar	Member State	NO	2004	3000	242	Timor-Leste	2968	Oecussi	1.07298356595	0.02927916995	Pante Macasar	28929.000000	14510.000000	14419.000000	16440.000000	7839.000000	8601.000000	21644.000000	10460.000000	11184.000000	15360.000000	7264.000000	8096.000000	17455.000000	8334.000000	9121.000000	295.000000000000000	197680096.007812000000000	670102.020365466000000	87292861561_1944411	384820.995844731000000	10	17455	15360	0.03642	0.03971	958477.91	0.00771	-0.02871	-0.03200	34	30	349	307	-1.157	-1.213
